{
  "metrics": {
    "apriori": {
      "rule_count": 6,
      "avg_support": 0.15,
      "avg_confidence": 0.45833333333333326,
      "avg_lift": 1.2333333333333334,
      "high_lift_ratio": 0.6666666666666666,
      "very_high_lift_ratio": 0.0
    },
    "fpgrowth": {
      "rule_count": 6,
      "avg_support": 0.15,
      "avg_confidence": 0.45833333333333326,
      "avg_lift": 1.2333333333333334,
      "high_lift_ratio": 0.6666666666666666,
      "very_high_lift_ratio": 0.0
    }
  },
  "diversity": {
    "apriori": {
      "unique_item_count": 4,
      "item_coverage": 0.45,
      "avg_rule_similarity": 0.4666666666666667,
      "rule_diversity": 0.5333333333333333
    },
    "fpgrowth": {
      "unique_item_count": 4,
      "item_coverage": 0.45,
      "avg_rule_similarity": 0.4666666666666667,
      "rule_diversity": 0.5333333333333333
    }
  },
  "redundancy": {
    "apriori": {
      "redundancy_ratio": 0.0
    },
    "fpgrowth": {
      "redundancy_ratio": 0.0
    }
  }
}