{
  "metrics": {
    "closed": {
      "rule_count": 26,
      "avg_support": 0.20000000000000004,
      "avg_confidence": 1.0,
      "avg_lift": 5.0,
      "avg_antecedent_size": 1.4615384615384615,
      "avg_consequent_size": 1.4615384615384615,
      "avg_rule_size": 2.923076923076923,
      "high_lift_ratio": 1.0,
      "very_high_lift_ratio": 1.0
    },
    "apriori": {
      "rule_count": 29,
      "avg_support": 0.21379310344827593,
      "avg_confidence": 0.9885057471264368,
      "avg_lift": 3.477011494252874,
      "high_lift_ratio": 1.0,
      "very_high_lift_ratio": 0.4827586206896552
    },
    "fpgrowth": {
      "rule_count": 29,
      "avg_support": 0.21379310344827593,
      "avg_confidence": 0.9885057471264368,
      "avg_lift": 3.477011494252874,
      "high_lift_ratio": 1.0,
      "very_high_lift_ratio": 0.4827586206896552
    }
  },
  "diversity": {
    "closed": {
      "unique_item_count": 10,
      "item_coverage": 1.52,
      "avg_rule_similarity": 0.30953846153846154,
      "rule_diversity": 0.6904615384615385
    },
    "apriori": {
      "unique_item_count": 10,
      "item_coverage": 1.54,
      "avg_rule_similarity": 0.5029760044927274,
      "rule_diversity": 0.4970239955072726
    },
    "fpgrowth": {
      "unique_item_count": 10,
      "item_coverage": 1.54,
      "avg_rule_similarity": 0.5029760044927274,
      "rule_diversity": 0.4970239955072726
    }
  },
  "redundancy": {
    "closed": {
      "redundancy_ratio": 0.46153846153846156
    },
    "apriori": {
      "redundancy_ratio": 0.5862068965517241
    },
    "fpgrowth": {
      "redundancy_ratio": 0.5862068965517241
    }
  }
}