{
  "support_analysis": {
    "support": [
      0.05,
      0.1,
      0.2,
      0.3
    ],
    "apriori_counts": [
      29,
      29,
      29,
      2
    ],
    "fpgrowth_counts": [
      29,
      29,
      29,
      2
    ],
    "apriori_times": [
      0.0071086883544921875,
      0.0030965805053710938,
      0.0026998519897460938,
      0.0025174617767333984
    ],
    "fpgrowth_times": [
      0.003516674041748047,
      0.002723217010498047,
      0.0028955936431884766,
      0.0021500587463378906
    ]
  },
  "confidence_analysis": {
    "confidence": [
      0.5,
      0.6,
      0.7,
      0.8
    ],
    "apriori_counts": [
      41,
      29,
      28,
      28
    ],
    "fpgrowth_counts": [
      41,
      29,
      28,
      28
    ],
    "apriori_times": [
      0.002863645553588867,
      0.0025844573974609375,
      0.002640962600708008,
      0.002664327621459961
    ],
    "fpgrowth_times": [
      0.002977609634399414,
      0.0026035308837890625,
      0.0025625228881835938,
      0.0025136470794677734
    ]
  }
}