{
  "support_analysis": {
    "support": [
      0.05,
      0.1,
      0.2,
      0.3
    ],
    "apriori_counts": [
      154,
      54,
      0,
      0
    ],
    "fpgrowth_counts": [
      154,
      54,
      0,
      0
    ],
    "apriori_times": [
      0.0048542022705078125,
      0.003580331802368164,
      0.0014126300811767578,
      0.0014030933380126953
    ],
    "fpgrowth_times": [
      0.08263826370239258,
      0.003670930862426758,
      0.0015437602996826172,
      0.0013566017150878906
    ]
  },
  "confidence_analysis": {
    "confidence": [
      0.5,
      0.6,
      0.7,
      0.8
    ],
    "apriori_counts": [
      63,
      54,
      39,
      38
    ],
    "fpgrowth_counts": [
      63,
      54,
      39,
      38
    ],
    "apriori_times": [
      0.0026433467864990234,
      0.00289154052734375,
      0.0031681060791015625,
      0.002880573272705078
    ],
    "fpgrowth_times": [
      0.003567218780517578,
      0.004059791564941406,
      0.0032286643981933594,
      0.0034542083740234375
    ]
  }
}